{
    "300004": {
        "0": {
            "EnableBlend": true, 
            "Longitude": 33.0, 
            "RotationY": 360.0, 
            "SkyLightBaseColor": {
                "__tuple__": true, 
                "items": [
                    216.00000232458115, 
                    237.0000010728836, 
                    255.0, 
                    1.0
                ]
            }, 
            "SkyLightIntensityScale": 4.5, 
            "SunColor": {
                "__tuple__": true, 
                "items": [
                    93.00000205636024, 
                    134.00000721216202, 
                    205.00000298023224
                ]
            }, 
            "SunColorIntensity": 4.0, 
            "TextureIdx": 100000, 
            "time": 0.0
        }, 
        "1": {
            "EnableBlend": true, 
            "Longitude": 36.0, 
            "RotationY": 345.0, 
            "SkyLightBaseColor": {
                "__tuple__": true, 
                "items": [
                    216.00000232458115, 
                    237.0000010728836, 
                    255.0, 
                    1.0
                ]
            }, 
            "SkyLightIntensityScale": 4.5, 
            "SunColor": {
                "__tuple__": true, 
                "items": [
                    93.00000205636024, 
                    134.00000721216202, 
                    205.00000298023224
                ]
            }, 
            "SunColorIntensity": 4.0, 
            "TextureIdx": 100000, 
            "time": 1.0
        }, 
        "2": {
            "EnableBlend": true, 
            "Longitude": 42.0, 
            "RotationY": 330.0, 
            "SkyLightBaseColor": {
                "__tuple__": true, 
                "items": [
                    216.00000232458115, 
                    237.0000010728836, 
                    255.0, 
                    1.0
                ]
            }, 
            "SkyLightIntensityScale": 4.5, 
            "SunColor": {
                "__tuple__": true, 
                "items": [
                    93.00000205636024, 
                    134.00000721216202, 
                    205.00000298023224
                ]
            }, 
            "SunColorIntensity": 4.0, 
            "TextureIdx": 100000, 
            "time": 2.0
        }, 
        "4": {
            "EnableBlend": true, 
            "Longitude": 52.0, 
            "RotationY": 300.0, 
            "SkyLightBaseColor": {
                "__tuple__": true, 
                "items": [
                    216.00000232458115, 
                    237.0000010728836, 
                    255.0, 
                    1.0
                ]
            }, 
            "SkyLightIntensityScale": 4.5, 
            "SunColor": {
                "__tuple__": true, 
                "items": [
                    93.00000205636024, 
                    134.00000721216202, 
                    205.00000298023224
                ]
            }, 
            "SunColorIntensity": 4.0, 
            "TextureIdx": 100000, 
            "time": 4.0
        }, 
        "6": {
            "EnableBlend": true, 
            "Longitude": 56.0, 
            "RotationY": 270.0, 
            "SkyLightBaseColor": {
                "__tuple__": true, 
                "items": [
                    216.00000232458115, 
                    237.0000010728836, 
                    255.0, 
                    1.0
                ]
            }, 
            "SkyLightIntensityScale": 4.5, 
            "SunColor": {
                "__tuple__": true, 
                "items": [
                    163.00000548362732, 
                    190.0000038743019, 
                    195.0000035762787
                ]
            }, 
            "SunColorIntensity": 4.0, 
            "TextureIdx": 100000, 
            "time": 6.0
        }, 
        "7": {
            "EnableBlend": true, 
            "Longitude": 49.5, 
            "RotationY": 247.5, 
            "SkyLightBaseColor": {
                "__tuple__": true, 
                "items": [
                    235.0000011920929, 
                    246.0000005364418, 
                    255.0, 
                    1.0
                ]
            }, 
            "SkyLightIntensityScale": 1.5, 
            "SunColor": {
                "__tuple__": true, 
                "items": [
                    200.00000327825546, 
                    215.0000023841858, 
                    182.00000435113907
                ]
            }, 
            "SunColorIntensity": 3.5, 
            "TextureIdx": 100000, 
            "time": 7.0
        }, 
        "8": {
            "EnableBlend": true, 
            "Longitude": 60.0, 
            "RotationY": 75.0, 
            "SkyLightBaseColor": {
                "__tuple__": true, 
                "items": [
                    254.00000005960464, 
                    252.00000017881393, 
                    169.00000512599945, 
                    1.0
                ]
            }, 
            "SkyLightIntensityScale": 0.5, 
            "SunColor": {
                "__tuple__": true, 
                "items": [
                    254.00000005960464, 
                    251.00000023841858, 
                    209.00000274181366
                ]
            }, 
            "SunColorIntensity": 5.0, 
            "TextureIdx": 100000, 
            "time": 8.0
        }, 
        "9": {
            "EnableBlend": true, 
            "Longitude": 51.25, 
            "RotationY": 142.5, 
            "SkyLightBaseColor": {
                "__tuple__": true, 
                "items": [
                    254.50000762939453, 
                    253.49999248981476, 
                    212.00000256299973, 
                    1.0
                ]
            }, 
            "SkyLightIntensityScale": 0.5, 
            "SunColor": {
                "__tuple__": true, 
                "items": [
                    248.5000079870224, 
                    243.00000071525574, 
                    181.49999678134918
                ]
            }, 
            "SunColorIntensity": 5.0, 
            "TextureIdx": 100000, 
            "time": 9.0
        }, 
        "10": {
            "EnableBlend": true, 
            "Longitude": 42.5, 
            "RotationY": 210.0, 
            "SkyLightBaseColor": {
                "__tuple__": true, 
                "items": [
                    255.0, 
                    255.0, 
                    255.0, 
                    1.0
                ]
            }, 
            "SkyLightIntensityScale": 0.75, 
            "SunColor": {
                "__tuple__": true, 
                "items": [
                    243.00000071525574, 
                    235.0000011920929, 
                    154.00000602006912
                ]
            }, 
            "SunColorIntensity": 7.5, 
            "TextureIdx": 100000, 
            "time": 10.0
        }, 
        "12": {
            "EnableBlend": true, 
            "Longitude": 34.0, 
            "RotationY": 180.0, 
            "SkyLightBaseColor": {
                "__tuple__": true, 
                "items": [
                    255.0, 
                    255.0, 
                    255.0, 
                    1.0
                ]
            }, 
            "SkyLightIntensityScale": 0.75, 
            "SunColor": {
                "__tuple__": true, 
                "items": [
                    255.0, 
                    224.000001847744, 
                    125.00000014901161
                ]
            }, 
            "SunColorIntensity": 7.5, 
            "TextureIdx": 100000, 
            "time": 12.0
        }, 
        "13": {
            "EnableBlend": true, 
            "Longitude": 36.5, 
            "RotationY": 165.0, 
            "SkyLightBaseColor": {
                "__tuple__": true,