{
    "0cd9327d-2b63-407e-a54e-40f64f0f2edc": {
        "anim_name": "make war", 
        "dt": [
            {
                "dt": [
                    {
                        "dt": {
                            "0": {
                                "val": {
                                    "__tuple__": true, 
                                    "items": [
                                        50.0, 
                                        69.38703703703703, 
                                        960.0, 
                                        749.38
                                    ]
                                }
                            }, 
                            "25": {
                                "val": {
                                    "__tuple__": true, 
                                    "items": [
                                        50.0, 
                                        69.38703703703703, 
                                        960.0, 
                                        749.38
                                    ]
                                }
                            }, 
                            "30": {
                                "val": {
                                    "__tuple__": true, 
                                    "items": [
                                        55.208333333333336, 
                                        69.38703703703703, 
                                        1060.0, 
                                        749.38
                                    ]
                                }
                            }
                        }, 
                        "tp": 1
                    }, 
                    {
                        "dt": {
                            "0": {
                                "val": {
                                    "__tuple__": true, 
                                    "items": [
                                        156, 
                                        156
                                    ]
                                }
                            }
                        }, 
                        "tp": 9
                    }, 
                    {
                        "dt": {
                            "0": {
                                "val": 0
                            }
                        }, 
                        "tp": 3
                    }, 
                    {
                        "dt": {
                            "0": {
                                "val": 0.0
                            }, 
                            "5": {
                                "val": 1.0
                            }, 
                            "25": {
                                "val": 1.0
                            }, 
                            "30": {
                                "val": 0.0
                            }
                        }, 
                        "tp": 4
                    }, 
                    {
                        "dt": {
                            "0": {
                                "val": {
                                    "__tuple__": true, 
                                    "items": [
                                        0.8, 
                                        0.8
                                    ]
                                }
                            }, 
                            "5": {
                                "val": {
                                    "__tuple__": true, 
                                    "items": [
                                        1.2, 
                                        1.2
                                    ]
                                }
                            }, 
                            "25": {
                                "val": {
                                    "__tuple__": true, 
                                    "items": [
                                        1.2, 
                                        1.2
                                    ]
                                }
                            }, 
                            "30": {
                                "val": {
                                    "__tuple__": true, 
                                    "items": [
                                        0.8, 
                                        1.2
                                    ]
                                }
                            }
                        }, 
                        "tp": 2
                    }, 
                    {
                        "dt": {
                            "0": {
                                "val": true
                            }
                        }, 
                        "tp": 5
                    }
                ], 
                "enabled": true, 
                "name": "50dbe4c0-0e31-46b2-8307-58b51d87dafb"
            }
        ], 
        "event_data": {}, 
        "f_rt": 30, 
        "group": "8a5db172-194c-4542-99bb-0dc91c78a7b0", 
        "lp": false, 
        "max_frame": 100, 
        "play_mode": 0
    }, 
    "1a6ebc3f-ae5c-4fe6-8621-37edfd7fbd5d": {
        "anim_name": "Consumables animation", 
        "dt": [
            {
                "dt": [
                    {
                        "dt": {
                            "0": {
                                "val": [
                                    50.0, 
                                    50.0, 
                                    50.0, 
                                    50.0
                                ]
                            }
                        }, 
                        "tp": 1
                    }, 
                    {
                        "dt": {
                            "0": {
                                "val": {
                                    "__tuple__": true, 
                                    "items": [
                                        100.0, 
                                        100.0
                                    ]
                                }
                            }
                        }, 
                        "tp": 9
                    }, 
                    {
                        "dt": {
                            "0": {
                                "val": 0
                            }
                        }, 
                        "tp": 3
                    }, 
                    {
                        "dt": {
                            "0": {
                                "val": 1.0
                            }, 
                            "5": {
                                "val": 0.8
                            }, 
                            "10": {
                                "val": 0.5
                            }, 
                            "15": {
                                "val": 0.2
                            }, 
                            "20": {
                                "val": 0.01
                            }
                        }, 
                        "tp": 4
                    }, 
                    {
                        "dt": {
                            "0": {
                                "val": {
                                    "__tuple__": true, 
                                    "items": [
                                        1, 
                                        1
                                    ]
                                }
                            }, 
                            "5": {
                                "val": {
                                    "__tuple__": true,