{
    "data": {
        "adapter_option": [
            false, 
            false, 
            false, 
            false, 
            0, 
            0, 
            0, 
            0
        ], 
        "anchor": {
            "__tuple__": true, 
            "items": [
                0.5, 
                0.5
            ]
        }, 
        "can_drag": false, 
        "children": [
            {
                "adapter_option": [
                    true, 
                    true, 
                    true, 
                    true, 
                    -4.999999998744897e-05, 
                    -5.000000000165983e-05, 
                    -5.000000000165983e-05, 
                    -4.999999998744897e-05
                ], 
                "anchor": {
                    "__tuple__": true, 
                    "items": [
                        0.5, 
                        0.5
                    ]
                }, 
                "can_drag": false, 
                "cap_insets": {
                    "__tuple__": true, 
                    "items": [
                        60.0, 
                        60.0, 
                        60.0, 
                        60.0
                    ]
                }, 
                "children": [
                    {
                        "adapter_option": [
                            true, 
                            true, 
                            true, 
                            true, 
                            20.000150000000005, 
                            19.999849999999995, 
                            19.999849999999995, 
                            20.000150000000005
                        ], 
                        "anchor": {
                            "__tuple__": true, 
                            "items": [
                                0.5, 
                                0.5
                            ]
                        }, 
                        "can_drag": false, 
                        "children": [
                            {
                                "adapter_option": [
                                    true, 
                                    true, 
                                    true, 
                                    true, 
                                    -5.000000000165983e-05, 
                                    5.000000000165983e-05, 
                                    5.000000000165983e-05, 
                                    -5.000000000165983e-05
                                ], 
                                "anchor": {
                                    "__tuple__": true, 
                                    "items": [
                                        0.5, 
                                        0.5
                                    ]
                                }, 
                                "can_drag": false, 
                                "cap_insets": {
                                    "__tuple__": true, 
                                    "items": [
                                        42.0, 
                                        42.0, 
                                        42.0, 
                                        42.0
                                    ]
                                }, 
                                "children": [], 
                                "color": {
                                    "__tuple__": true, 
                                    "items": [
                                        255, 
                                        255, 
                                        255, 
                                        255
                                    ]
                                }, 
                                "comp_type": "Image", 
                                "event_list": [], 
                                "hover_child": "", 
                                "image": 131442, 
                                "is_scale9_enable": false, 
                                "name": "item_icon", 
                                "opacity": 1.0, 
                                "open_adapter": true, 
                                "pos_data": {
                                    "__tuple__": true, 
                                    "items": [
                                        44.0001, 
                                        44.0001, 
                                        50.0001, 
                                        50.0001, 
                                        0, 
                                        0
                                    ]
                                }, 
                                "prefab_sub_key": "01425468-fc75-4cb5-b9af-5e84dfb341ff", 
                                "rotation": 0, 
                                "scale": {
                                    "__tuple__": true, 
                                    "items": [
                                        1, 
                                        1
                                    ]
                                }, 
                                "scene_ui_name": null, 
                                "size": {
                                    "__tuple__": true, 
                                    "items": [
                                        88.0001, 
                                        88.0001
                                    ]
                                }, 
                                "size_adaptive": false, 
                                "swallow_touches": false, 
                                "type": 4, 
                                "visible": true
                            }
                        ], 
                        "clip_enabled": true, 
                        "clipping_type": 1, 
                        "color": {
                            "__tuple__": true, 
                            "items": [
                                255, 
                                255, 
                                255, 
                                0
                            ]
                        }, 
                        "comp_type": "Layout", 
                        "event_list": [], 
                        "hover_child": "", 
                        "mask_image": 133710, 
                        "name": "icon", 
                        "opacity": 1.0, 
                        "open_adapter": true, 
                        "pos_data": {
                            "__tuple__": true, 
                            "items": [
                                63.9999, 
                                63.9999, 
                                49.9999, 
                                49.9999, 
                                0, 
                                0
                            ]
                        }, 
                        "prefab_sub_key": "f3b83451-a96f-40fd-848e-1c293d94abc9", 
                        "rotation": 0, 
                        "scale": {
                            "__tuple__": true, 
                            "items": [
                                1, 
                                1
                            ]
                        }, 
                        "scene_ui_name": null, 
                        "size": {
                            "__tuple__": true, 
                            "items": [
                                88.0001, 
                                88.0001
                            ]
                        }, 
                        "swallow_touches": false, 
                        "type": 7,