{
    "0cd9327d-2b63-407e-a54e-40f64f0f2edc": {
        "anim_name": "make war", 
        "dt": [
            {
                "dt": [
                    {
                        "dt": {
                            "0": {
                                "val": [
                                    39.5833, 
                                    69.387, 
                                    760.0, 
                                    749.38
                                ]
                            }, 
                            "5": {
                                "val": {
                                    "__tuple__": true, 
                                    "items": [
                                        50.0, 
                                        69.38703703703703, 
                                        960.0, 
                                        749.38
                                    ]
                                }
                            }, 
                            "25": {
                                "val": {
                                    "__tuple__": true, 
                                    "items": [
                                        50.0, 
                                        69.38703703703703, 
                                        960.0, 
                                        749.38
                                    ]
                                }
                            }, 
                            "30": {
                                "val": {
                                    "__tuple__": true, 
                                    "items": [
                                        55.208333333333336, 
                                        69.38703703703703, 
                                        1060.0, 
                                        749.38
                                    ]
                                }
                            }
                        }, 
                        "tp": 1
                    }, 
                    {
                        "dt": {
                            "0": {
                                "val": {
                                    "__tuple__": true, 
                                    "items": [
                                        156, 
                                        156
                                    ]
                                }
                            }
                        }, 
                        "tp": 9
                    }, 
                    {
                        "dt": {
                            "0": {
                                "val": 0
                            }
                        }, 
                        "tp": 3
                    }, 
                    {
                        "dt": {
                            "0": {
                                "val": 0.0
                            }, 
                            "5": {
                                "val": 1.0
                            }, 
                            "25": {
                                "val": 1.0
                            }, 
                            "30": {
                                "val": 0.0
                            }
                        }, 
                        "tp": 4
                    }, 
                    {
                        "dt": {
                            "0": {
                                "val": {
                                    "__tuple__": true, 
                                    "items": [
                                        1.2, 
                                        1.2
                                    ]
                                }
                            }, 
                            "5": {
                                "val": {
                                    "__tuple__": true, 
                                    "items": [
                                        2.2, 
                                        2.2
                                    ]
                                }
                            }, 
                            "25": {
                                "val": {
                                    "__tuple__": true, 
                                    "items": [
                                        2.2, 
                                        2.2
                                    ]
                                }
                            }, 
                            "30": {
                                "val": {
                                    "__tuple__": true, 
                                    "items": [
                                        1.2, 
                                        1.2
                                    ]
                                }
                            }
                        }, 
                        "tp": 2
                    }, 
                    {
                        "dt": {
                            "0": {
                                "val": true
                            }
                        }, 
                        "tp": 5
                    }
                ], 
                "enabled": true, 
                "name": "50dbe4c0-0e31-46b2-8307-58b51d87dafb"
            }
        ], 
        "event_data": {}, 
        "f_rt": 30, 
        "group": "8a5db172-194c-4542-99bb-0dc91c78a7b0", 
        "lp": false, 
        "max_frame": 100, 
        "play_mode": 0
    }, 
    "a3d6d043-dc79-41f5-9211-79c76817b6f6": {
        "anim_name": "breathing", 
        "dt": [
            {
                "dt": [
                    {
                        "dt": {
                            "0": {
                                "val": [
                                    51.5624, 
                                    50.7812, 
                                    65.9999, 
                                    64.9999
                                ]
                            }
                        }, 
                        "tp": 1
                    }, 
                    {
                        "dt": {
                            "0": {
                                "val": {
                                    "__tuple__": true, 
                                    "items": [
                                        156, 
                                        156
                                    ]
                                }
                            }, 
                            "15": {
                                "val": {
                                    "__tuple__": true, 
                                    "items": [
                                        156.0, 
                                        156.0
                                    ]
                                }
                            }
                        }, 
                        "tp": 9
                    }, 
                    {
                        "dt": {}, 
                        "tp": 3
                    }, 
                    {
                        "dt": {
                            "0": {
                                "val": 1.0
                            }, 
                            "15": {
                                "val": 0.5
                            }, 
                            "30": {
                                "val": 1.0
                            }
                        }, 
                        "tp": 4
                    }, 
                    {
                        "dt": {
                            "0": {
                                "val": true
                            }
                        },