{
    "adapt_mode": 2, 
    "anim_data": {
        "0cd9327d-2b63-407e-a54e-40f64f0f2edc": {
            "anim_name": "make war", 
            "dt": [
                {
                    "dt": [
                        {
                            "dt": {
                                "0": {
                                    "val": {
                                        "__tuple__": true, 
                                        "items": [
                                            50.0, 
                                            69.38703703703703, 
                                            960.0, 
                                            749.38
                                        ]
                                    }
                                }, 
                                "25": {
                                    "val": {
                                        "__tuple__": true, 
                                        "items": [
                                            50.0, 
                                            69.38703703703703, 
                                            960.0, 
                                            749.38
                                        ]
                                    }
                                }, 
                                "30": {
                                    "val": {
                                        "__tuple__": true, 
                                        "items": [
                                            55.208333333333336, 
                                            69.38703703703703, 
                                            1060.0, 
                                            749.38
                                        ]
                                    }
                                }
                            }, 
                            "tp": 1
                        }, 
                        {
                            "dt": {
                                "0": {
                                    "val": {
                                        "__tuple__": true, 
                                        "items": [
                                            156, 
                                            156
                                        ]
                                    }
                                }
                            }, 
                            "tp": 9
                        }, 
                        {
                            "dt": {
                                "0": {
                                    "val": 0
                                }
                            }, 
                            "tp": 3
                        }, 
                        {
                            "dt": {
                                "0": {
                                    "val": 0.0
                                }, 
                                "5": {
                                    "val": 1.0
                                }, 
                                "25": {
                                    "val": 1.0
                                }, 
                                "30": {
                                    "val": 0.0
                                }
                            }, 
                            "tp": 4
                        }, 
                        {
                            "dt": {
                                "0": {
                                    "val": {
                                        "__tuple__": true, 
                                        "items": [
                                            0.8, 
                                            0.8
                                        ]
                                    }
                                }, 
                                "5": {
                                    "val": {
                                        "__tuple__": true, 
                                        "items": [
                                            1.2, 
                                            1.2
                                        ]
                                    }
                                }, 
                                "25": {
                                    "val": {
                                        "__tuple__": true, 
                                        "items": [
                                            1.2, 
                                            1.2
                                        ]
                                    }
                                }, 
                                "30": {
                                    "val": {
                                        "__tuple__": true, 
                                        "items": [
                                            0.8, 
                                            1.2
                                        ]
                                    }
                                }
                            }, 
                            "tp": 2
                        }, 
                        {
                            "dt": {
                                "0": {
                                    "val": true
                                }
                            }, 
                            "tp": 5
                        }
                    ], 
                    "enabled": true, 
                    "name": "50dbe4c0-0e31-46b2-8307-58b51d87dafb"
                }
            ], 
            "event_data": {}, 
            "f_rt": 30, 
            "group": "8a5db172-194c-4542-99bb-0dc91c78a7b0", 
            "lp": false, 
            "max_frame": 100, 
            "play_mode": 0
        }
    }, 
    "children": [
        {
            "cap_insets": {
                "__tuple__": true, 
                "items": [
                    154.0, 
                    56.0, 
                    154.0, 
                    56.0
                ]
            }, 
            "children": [], 
            "event_list": [], 
            "image": 134271494, 
            "name": "image_5", 
            "opacity": 0.0, 
            "pos_data": {
                "__tuple__": true, 
                "items": [
                    759.9994, 
                    749.3796, 
                    39.5833, 
                    69.387, 
                    0, 
                    0
                ]
            }, 
            "prefab_sub_key": null, 
            "scene_ui_name": null, 
            "size": {
                "__tuple__": true, 
                "items": [
                    461.0, 
                    166.0
                ]
            }, 
            "size_adaptive": true, 
            "type": 4, 
            "uid": "50dbe4c0-0e31-46b2-8307-58b51d87dafb"
        }
    ], 
    "name": "PVP_Action", 
    "opacity": 1.0, 
    "type": 2, 
    "ui_anims": [
        "0cd9327d-2b63-407e-a54e-40f64f0f2edc"
    ], 
    "uid": "8a5db172-194c-4542-99bb-0dc91c78a7b0", 
    "visible": false, 
    "zorder": 402
}