{
    "data": {
        "adapter_option": [
            false, 
            false, 
            false, 
            false, 
            0, 
            0, 
            0, 
            0
        ], 
        "anchor": {
            "__tuple__": true, 
            "items": [
                0.5, 
                0.5
            ]
        }, 
        "can_drag": false, 
        "children": [
            {
                "adapter_option": [
                    true, 
                    true, 
                    true, 
                    true, 
                    2.0001000000000033, 
                    14.000100000000003, 
                    12.0, 
                    10.0
                ], 
                "anchor": {
                    "__tuple__": true, 
                    "items": [
                        0.5, 
                        0.5
                    ]
                }, 
                "can_drag": false, 
                "children": [
                    {
                        "adapter_option": [
                            true, 
                            true, 
                            true, 
                            true, 
                            0.00010000000000331966, 
                            0.00009999999999621423, 
                            0.00010000000000331966, 
                            0.00010000000000331966
                        ], 
                        "anchor": {
                            "__tuple__": true, 
                            "items": [
                                0.5, 
                                0.5
                            ]
                        }, 
                        "can_drag": false, 
                        "cap_insets": {
                            "__tuple__": true, 
                            "items": [
                                42.0, 
                                42.0, 
                                42.0, 
                                42.0
                            ]
                        }, 
                        "children": [], 
                        "color": {
                            "__tuple__": true, 
                            "items": [
                                255, 
                                255, 
                                255, 
                                255
                            ]
                        }, 
                        "comp_type": "Image", 
                        "event_list": [], 
                        "hover_child": "", 
                        "image": 101718, 
                        "is_scale9_enable": false, 
                        "name": "icon", 
                        "opacity": 1.0, 
                        "open_adapter": true, 
                        "pos_data": {
                            "__tuple__": true, 
                            "items": [
                                39.0, 
                                41.9999, 
                                50.0, 
                                50.0, 
                                0, 
                                0
                            ]
                        }, 
                        "prefab_sub_key": "3df5db98-dc70-45ba-9a27-ae3bfc76ce60", 
                        "rotation": 0, 
                        "scale": {
                            "__tuple__": true, 
                            "items": [
                                1, 
                                1
                            ]
                        }, 
                        "scene_ui_name": null, 
                        "size": {
                            "__tuple__": true, 
                            "items": [
                                77.9998, 
                                83.9996
                            ]
                        }, 
                        "size_adaptive": false, 
                        "swallow_touches": false, 
                        "type": 4, 
                        "visible": true
                    }
                ], 
                "clip_enabled": true, 
                "clipping_type": 1, 
                "color": {
                    "__tuple__": true, 
                    "items": [
                        255, 
                        255, 
                        255, 
                        0
                    ]
                }, 
                "comp_type": "Layout", 
                "event_list": [], 
                "hover_child": "", 
                "mask_image": 134220929, 
                "name": "role_head", 
                "opacity": 1.0, 
                "open_adapter": true, 
                "pos_data": {
                    "__tuple__": true, 
                    "items": [
                        51.0, 
                        56.0, 
                        51.0, 
                        56.0, 
                        0, 
                        0
                    ]
                }, 
                "prefab_sub_key": "f329c42c-f073-4253-8588-0b2d0377f792", 
                "rotation": 0, 
                "scale": {
                    "__tuple__": true, 
                    "items": [
                        1, 
                        1
                    ]
                }, 
                "scene_ui_name": null, 
                "size": {
                    "__tuple__": true, 
                    "items": [
                        78.0, 
                        83.9998
                    ]
                }, 
                "swallow_touches": false, 
                "type": 7, 
                "visible": true
            }, 
            {
                "adapter_option": [
                    true, 
                    false, 
                    false, 
                    true, 
                    8.0059, 
                    -5.745, 
                    640.7708, 
                    14.5204
                ], 
                "anchor": {
                    "__tuple__": true, 
                    "items": [
                        0.5, 
                        0.5
                    ]
                }, 
                "can_drag": false, 
                "cap_insets": {
                    "__tuple__": true, 
                    "items": [
                        42.0, 
                        42.0, 
                        42.0, 
                        42.0
                    ]
                }, 
                "children": [], 
                "color": {
                    "__tuple__": true, 
                    "items": [
                        255, 
                        255, 
                        255, 
                        255
                    ]
                }, 
                "comp_type": "Image", 
                "event_list": [], 
                "hover_child": "", 
                "image": 134281721, 
                "is_scale9_enable": false, 
                "name": "img_head", 
                "opacity": 1.0, 
                "open_adapter": false, 
                "pos_data": {
                    "__tuple__": true, 
                    "items": [
                        50.0, 
                        50.0, 
                        50.0, 
                        50.0, 
                        1, 
                        0
                    ]
                }, 
                "prefab_sub_key": "a80e627e-a798-42d4-8b95-38914c6896b6", 
                "rotation": 0, 
                "scale": {
                    "__tuple__": true, 
                    "items": [
                        0.95, 
                        0.95
                    ]
                }, 
                "scene_ui_name": null, 
                "size": {
                    "__tuple__": true, 
                    "items": [
                        125.0, 
                        125.0
                    ]
                }, 
                "size_adaptive": true,